Model,RMSE,MAE,MAPE
TFT,10.004438842865422,7.990191790792677,21.253119541342848
