Model,RMSE,MAE,MAPE,empirical_coverage,interval_width,miscalibration
XGBoost Quantile,5.970473165493804,3.9882364054728097,18.438275024953306,0.6487347696244476,8.577311635017395,0.25126523037555243
MC Dropout GRU,7.285768389701843,5.180260539054871,25.203678607940674,0.48083889348134157,8.15746420621872,0.4191611065186585
Quantile TFT,10.004438842865422,7.990191790792677,21.253119541342848,0.0,0.0,0.9
