Junction,count,mean,std,min,25%,50%,75%,max
1,14592.0,45.05290570175438,23.0083451392927,5.0,27.0,40.0,59.0,156.0
2,14592.0,14.253220942982455,7.401306635266316,1.0,9.0,13.0,17.0,48.0
3,14592.0,13.694010416666666,10.436005075710996,1.0,7.0,11.0,18.0,180.0
4,4344.0,7.251611418047882,3.5214545458330613,1.0,5.0,7.0,9.0,36.0
